{"stats":{"minecraft:used":{"consistency_plus:smooth_end_stone_slab":2,"consistency_plus:purpur_bricks":1,"consistency_plus:purpur_slab":1,"consistency_plus:polished_end_stone_slab":1,"consistency_plus:cut_quartz_slab":1,"consistency_plus:smooth_quartz_wall":1,"consistency_plus:smooth_blackstone_slab":1,"consistency_plus:cut_quartz":1,"minecraft:stone":8,"consistency_plus:smooth_end_stone_stairs":1,"consistency_plus:quartz_wall":1,"consistency_plus:chiseled_end_stone":1,"consistency_plus:purpur_block":2,"consistency_plus:cracked_purpur_brick_stairs":1,"minecraft:hopper":8,"consistency_plus:smooth_purpur_slab":2,"consistency_plus:cut_blackstone":1,"consistency_plus:smooth_blackstone_wall":1,"consistency_plus:cut_purpur_wall":1,"consistency_plus:cut_end_stone_slab":1,"consistency_plus:blackstone_brick_pillar":3,"minecraft:bricks":4,"consistency_plus:end_stone_stairs":1,"consistency_plus:smooth_purpur_block":1,"consistency_plus:cut_end_stone_stairs":1,"consistency_plus:chiseled_purpur_block":1,"consistency_plus:polished_purpur_wall":2,"minecraft:trapped_chest":4,"consistency_plus:smooth_end_stone":1,"consistency_plus:smooth_purpur_stairs":1,"consistency_plus:polished_end_stone":1,"consistency_plus:cut_blackstone_stairs":1,"consistency_plus:purpur_brick_wall":1,"minecraft:prismarine":1,"consistency_plus:cut_end_stone_wall":1,"minecraft:sandstone":3,"consistency_plus:polished_purpur_slab":1,"consistency_plus:smooth_purpur_wall":2,"consistency_plus:polished_end_stone_wall":1,"consistency_plus:purpur_stairs":1,"consistency_plus:cracked_purpur_brick_wall":1,"consistency_plus:cut_blackstone_slab":1,"consistency_plus:cut_end_stone":1,"consistency_plus:end_stone_slab":1,"consistency_plus:smooth_blackstone_stairs":1,"consistency_plus:smooth_blackstone":1,"minecraft:dark_prismarine":1,"consistency_plus:purpur_brick_slab":1,"consistency_plus:polished_purpur_block":3,"consistency_plus:cut_quartz_wall":1,"consistency_plus:polished_purpur_stairs":1,"consistency_plus:purpur_wall":1,"consistency_plus:cut_blackstone_wall":1,"consistency_plus:purpur_brick_stairs":1,"consistency_plus:smooth_end_stone_wall":1,"consistency_plus:end_stone_wall":1,"consistency_plus:cracked_purpur_brick_slab":1,"consistency_plus:cracked_purpur_bricks":3,"consistency_plus:cut_quartz_stairs":1,"consistency_plus:polished_end_stone_stairs":2,"minecraft:white_concrete":1,"consistency_plus:smooth_andesite":4},"minecraft:custom":{"minecraft:inspect_hopper":9,"minecraft:leave_game":1,"minecraft:time_since_death":22580,"minecraft:sprint_one_cm":9509,"minecraft:walk_one_cm":6616,"minecraft:drop":152,"minecraft:sneak_time":913,"minecraft:jump":85,"minecraft:play_one_minute":22580,"minecraft:time_since_rest":22580,"minecraft:trigger_trapped_chest":19,"minecraft:fly_one_cm":94892,"minecraft:open_chest":5,"minecraft:crouch_one_cm":420},"minecraft:picked_up":{"consistency_plus:stone_wall":1,"consistency_plus:cut_stone":1,"consistency_plus:purpur_slab":2,"consistency_plus:cut_blackstone":1,"consistency_plus:blackstone_brick_pillar":1,"consistency_plus:cut_stone_slab":1,"consistency_plus:cracked_purpur_brick_stairs":2,"consistency_plus:smooth_andesite":2,"consistency_plus:cut_purpur_wall":2,"consistency_plus:polished_stone_slab":1,"consistency_plus:purpur_stairs":2,"consistency_plus:cut_end_stone_slab":1,"consistency_plus:purpur_bricks":2,"consistency_plus:cut_stone_wall":1,"consistency_plus:cut_stone_stairs":1,"consistency_plus:cracked_stone_brick_slab":1,"consistency_plus:chiseled_end_stone":1,"consistency_plus:smooth_purpur_slab":1,"consistency_plus:cracked_chiseled_stone_bricks":1,"consistency_plus:purpur_brick_slab":1,"consistency_plus:smooth_purpur_block":2,"consistency_plus:polished_purpur_slab":2,"consistency_plus:smooth_stone_wall":1,"consistency_plus:polished_purpur_block":1,"consistency_plus:purpur_brick_stairs":1,"consistency_plus:end_stone_slab":1,"consistency_plus:cut_quartz_wall":1,"consistency_plus:cracked_stone_brick_pillar":1,"consistency_plus:polished_stone_stairs":1,"consistency_plus:cracked_purpur_brick_slab":3,"consistency_plus:cracked_purpur_bricks":2,"consistency_plus:mossy_stone_brick_pillar":1,"consistency_plus:polished_end_stone":1,"consistency_plus:cut_quartz":1,"consistency_plus:cracked_stone_brick_stairs":1,"consistency_plus:purpur_block":1,"consistency_plus:smooth_stone_stairs":1,"consistency_plus:purpur_wall":3,"consistency_plus:cracked_stone_brick_wall":1,"consistency_plus:smooth_purpur_stairs":2,"consistency_plus:polished_stone":1,"consistency_plus:chiseled_purpur_block":1,"consistency_plus:polished_purpur_wall":3,"consistency_plus:cut_blackstone_stairs":1,"consistency_plus:end_stone_wall":1,"consistency_plus:polished_purpur_stairs":2,"consistency_plus:purpur_brick_wall":2,"consistency_plus:smooth_blackstone_slab":1,"consistency_plus:polished_stone_wall":1,"consistency_plus:smooth_purpur_wall":2,"consistency_plus:stone_brick_pillar":1,"consistency_plus:smooth_end_stone_stairs":1},"minecraft:dropped":{"consistency_plus:purpur_wall":3,"consistency_plus:purpur_block":3,"consistency_plus:smooth_end_stone_slab":1,"consistency_plus:smooth_blackstone_slab":2,"consistency_plus:polished_purpur_wall":3,"consistency_plus:polished_end_stone":2,"consistency_plus:purpur_brick_wall":2,"consistency_plus:chiseled_end_stone":2,"consistency_plus:end_stone_wall":2,"consistency_plus:purpur_stairs":2,"consistency_plus:blackstone_brick_pillar":2,"consistency_plus:smooth_stone_wall":3,"consistency_plus:smooth_andesite":3,"consistency_plus:cracked_stone_brick_slab":4,"consistency_plus:cut_purpur_wall":2,"consistency_plus:cracked_purpur_brick_wall":2,"consistency_plus:polished_end_stone_wall":1,"consistency_plus:cut_end_stone":1,"consistency_plus:smooth_purpur_stairs":2,"consistency_plus:cut_stone":3,"consistency_plus:cut_stone_slab":3,"consistency_plus:cut_blackstone":3,"consistency_plus:smooth_end_stone_stairs":2,"consistency_plus:smooth_purpur_slab":2,"consistency_plus:polished_stone_slab":3,"consistency_plus:cut_end_stone_stairs":1,"consistency_plus:polished_purpur_slab":2,"consistency_plus:cut_end_stone_wall":1,"consistency_plus:cut_stone_wall":2,"consistency_plus:cracked_stone_brick_stairs":3,"consistency_plus:polished_end_stone_slab":1,"consistency_plus:cut_blackstone_stairs":3,"consistency_plus:chiseled_purpur_block":3,"consistency_plus:smooth_blackstone_wall":1,"consistency_plus:cut_quartz_wall":2,"consistency_plus:cut_blackstone_slab":2,"consistency_plus:end_stone_stairs":1,"consistency_plus:smooth_end_stone":1,"consistency_plus:cracked_stone_brick_wall":3,"consistency_plus:polished_stone_wall":3,"consistency_plus:smooth_stone_stairs":3,"consistency_plus:quartz_wall":1,"consistency_plus:purpur_bricks":2,"consistency_plus:smooth_blackstone_stairs":2,"consistency_plus:smooth_purpur_block":2,"consistency_plus:cracked_stone_brick_pillar":1,"consistency_plus:end_stone_slab":2,"consistency_plus:smooth_purpur_wall":2,"consistency_plus:stone_brick_pillar":3,"consistency_plus:smooth_blackstone":2,"consistency_plus:polished_stone_stairs":3,"consistency_plus:stone_wall":3,"consistency_plus:cut_stone_stairs":3,"consistency_plus:polished_end_stone_stairs":1,"consistency_plus:cracked_purpur_brick_slab":3,"consistency_plus:polished_purpur_stairs":2,"consistency_plus:polished_purpur_block":3,"consistency_plus:cut_blackstone_wall":1,"consistency_plus:smooth_end_stone_wall":1,"consistency_plus:purpur_brick_stairs":1,"consistency_plus:cracked_chiseled_stone_bricks":3,"consistency_plus:smooth_quartz_wall":1,"consistency_plus:cut_quartz_slab":1,"consistency_plus:cut_quartz":2,"consistency_plus:cut_quartz_stairs":1,"consistency_plus:cracked_purpur_bricks":2,"consistency_plus:mossy_stone_brick_pillar":2,"consistency_plus:mossy_chiseled_stone_bricks":2,"consistency_plus:purpur_brick_slab":2,"consistency_plus:purpur_slab":2,"consistency_plus:polished_stone":2,"consistency_plus:cracked_purpur_brick_stairs":2,"consistency_plus:cut_end_stone_slab":2}},"DataVersion":2584}