{
  "minecraft:recipes/decorations/blast_furnace": {
    "criteria": {
      "has_smooth_stone": "2021-01-04 15:16:23 -0700"
    },
    "done": true
  },
  "minecraft:recipes/building_blocks/smooth_stone_slab": {
    "criteria": {
      "has_smooth_stone": "2021-01-04 15:16:23 -0700"
    },
    "done": true
  },
  "consistency_plus:smooth_stone": {
    "criteria": {
      "has_stone": "2021-01-04 15:16:23 -0700"
    },
    "done": true
  },
  "minecraft:adventure/adventuring_time": {
    "criteria": {
      "minecraft:savanna_plateau": "2021-01-04 15:16:17 -0700",
      "minecraft:river": "2021-01-04 15:16:15 -0700"
    },
    "done": false
  },
  "minecraft:recipes/building_blocks/smooth_stone_slab_from_smooth_stone_stonecutting": {
    "criteria": {
      "has_smooth_stone": "2021-01-04 15:16:23 -0700"
    },
    "done": true
  },
  "DataVersion": 2584
}